{"cameraMode":{"drawMode":0,"name":"Shaded","section":"Shading Mode"},"sceneLighting":true,"audioPlay":false,"sceneViewState":{"m_AlwaysRefresh":false,"showFog":true,"showSkybox":true,"showFlares":true,"showImageEffects":true,"showParticleSystems":true,"showVisualEffectGraphs":true,"m_FxEnabled":true},"in2DMode":false,"pivot":{"x":6.193996906280518,"y":-3.8767333030700685,"z":13.86648178100586},"rotation":{"x":-0.2655862867832184,"y":-0.003760633058845997,"z":0.0010419037425890566,"w":-0.9640957713127136},"size":10.27596378326416,"orthographic":false}