{"cameraMode":{"drawMode":0,"name":"Shaded","section":"Shading Mode"},"sceneLighting":true,"audioPlay":false,"sceneViewState":{"m_AlwaysRefresh":false,"showFog":true,"showSkybox":true,"showFlares":true,"showImageEffects":true,"showParticleSystems":true,"showVisualEffectGraphs":true,"m_FxEnabled":true},"in2DMode":false,"pivot":{"x":3.971116781234741,"y":3.8669822216033937,"z":0.9910749793052673},"rotation":{"x":-0.16455572843551637,"y":0.005027799867093563,"z":-0.0008387324051000178,"w":-0.9863559007644653},"size":3.762495994567871,"orthographic":false}