{"cameraMode":{"drawMode":0,"name":"Shaded","section":"Shading Mode"},"sceneLighting":true,"audioPlay":false,"sceneViewState":{"m_AlwaysRefresh":false,"showFog":true,"showSkybox":true,"showFlares":true,"showImageEffects":true,"showParticleSystems":true,"showVisualEffectGraphs":true,"m_FxEnabled":true},"in2DMode":false,"pivot":{"x":21.670957565307618,"y":-106.3101577758789,"z":94.13455200195313},"rotation":{"x":0.4041003882884979,"y":0.10284695774316788,"z":-0.045776452869176868,"w":0.9077935218811035},"size":72.68672180175781,"orthographic":false}